timestamp,open,high,low,close,volume
2024-01-01 00:00:00+00:00,2006.7735472182258,2009.2624494095262,2004.2846450269253,2006.7735472182258,349
2024-01-01 00:15:00+00:00,2006.7735472182258,2007.3731213733322,2004.3047825443766,2004.904356699483,148
2024-01-01 00:30:00+00:00,2004.904356699483,2006.5056551652872,2003.434665131285,2005.0359635970892,546
2024-01-01 00:45:00+00:00,2005.0359635970892,2008.567247604874,2003.139515327308,2006.6707993350926,386
2024-01-01 01:00:00+00:00,2006.6707993350926,2007.7153330652086,2002.4625445847794,2003.5070783148954,375
2024-01-01 01:15:00+00:00,2003.5070783148954,2006.2217089882502,2000.8007244385124,2003.5153551118672,201
2024-01-01 01:30:00+00:00,2003.5153551118672,2005.7311635163633,2001.295978907071,2003.511787311567,875
2024-01-01 01:45:00+00:00,2003.511787311567,2004.3311012365134,1995.6735751593158,1996.492889084262,666
2024-01-01 02:00:00+00:00,1996.492889084262,2001.3575030865184,1995.6959070797418,2000.560521081998,142
2024-01-01 02:15:00+00:00,2000.560521081998,2003.5264896374547,1999.9986631502645,2002.964631705721,576
2024-01-01 02:30:00+00:00,2002.964631705721,2004.850962328167,1998.5744431660353,2000.4607737884812,671
2024-01-01 02:45:00+00:00,2000.4607737884812,2001.3475680354088,1998.8877461357654,1999.774540382693,831
2024-01-01 03:00:00+00:00,1999.774540382693,2003.6099139644011,1997.9611579873558,2001.796531569064,947
2024-01-01 03:15:00+00:00,2001.796531569064,2004.3281095549237,1998.218862278828,2000.7504402646878,431
2024-01-01 03:30:00+00:00,2000.7504402646878,2003.436024952354,1997.093730683714,1999.7793153713803,451
2024-01-01 03:45:00+00:00,1999.7793153713803,2000.4797100834621,1993.2750349582345,1993.9754296703163,394
2024-01-01 04:00:00+00:00,1993.9754296703163,1997.4497043461417,1992.7140210109367,1996.188295686762,381
2024-01-01 04:15:00+00:00,1996.188295686762,1998.1656498391765,1994.7055820347164,1996.6829361871307,263
2024-01-01 04:30:00+00:00,1996.6829361871307,1999.1745903248511,1995.2876018105978,1997.7792559483182,122
2024-01-01 04:45:00+00:00,1997.7792559483182,1999.2620240620374,1990.2064710381817,1991.689239151901,117
2024-01-01 05:00:00+00:00,1991.689239151901,1999.8700579795811,1990.0946478499077,1998.275466677588,487
2024-01-01 05:15:00+00:00,1998.275466677588,2001.258091584451,1995.9097468044733,1998.8923717113364,125
2024-01-01 05:30:00+00:00,1998.8923717113364,2000.0851274360139,1996.1525128505314,1997.3452685752088,938
2024-01-01 05:45:00+00:00,1997.3452685752088,2006.7636906887494,1996.0488310079274,2005.467253121468,234
2024-01-01 06:00:00+00:00,2005.467253121468,2006.8856277653206,2003.8668463461872,2005.2852209900398,426
2024-01-01 06:15:00+00:00,2005.2852209900398,2006.0781810324029,1998.6826437993016,1999.4756038416647,538
2024-01-01 06:30:00+00:00,1999.4756038416647,2001.5123887605107,1995.818988989843,1997.8557739086891,432
2024-01-01 06:45:00+00:00,1997.8557739086891,1999.2882978820521,1987.3006940627736,1988.7332180361366,916
2024-01-01 07:00:00+00:00,1988.7332180361366,1995.6836774347403,1985.9610813743689,1992.9115407729726,705
2024-01-01 07:15:00+00:00,1992.9115407729726,1995.4361312817757,1988.727648465063,1991.2522389738663,346
2024-01-01 07:30:00+00:00,1991.2522389738663,1992.2448642953002,1987.3045857227155,1988.2972110441494,724
2024-01-01 07:45:00+00:00,1988.2972110441494,1993.592754955982,1987.2710229951806,1992.566566907013,953
2024-01-01 08:00:00+00:00,1992.566566907013,1994.9834302756328,1983.580799227232,1985.9976625958518,801
2024-01-01 08:15:00+00:00,1985.9976625958518,1989.9702129284258,1984.1529742800235,1988.1255246125975,302
2024-01-01 08:30:00+00:00,1988.1255246125975,1988.5477928537011,1979.5115475666282,1979.933815807732,935
2024-01-01 08:45:00+00:00,1979.933815807732,1981.9483976378958,1975.2989060989926,1977.3134879291565,693
2024-01-01 09:00:00+00:00,1977.3134879291565,1978.720684011874,1971.1497817432387,1972.5569778259562,387
2024-01-01 09:15:00+00:00,1972.5569778259562,1980.7481839703519,1970.141872534745,1978.3330786791407,413
2024-01-01 09:30:00+00:00,1978.3330786791407,1987.6581736428495,1976.0084493592267,1985.3335443229355,929
2024-01-01 09:45:00+00:00,1985.3335443229355,1988.1092490731282,1981.2502780055318,1984.0259827557245,470
2024-01-01 10:00:00+00:00,1984.0259827557245,1989.56899252082,1981.8218525049106,1987.3648622700061,893
2024-01-01 10:15:00+00:00,1987.3648622700061,1990.1200912889612,1983.8943646983168,1986.649593717272,497
2024-01-01 10:30:00+00:00,1986.649593717272,1990.0417356942653,1985.515814222345,1988.9079561993383,365
2024-01-01 10:45:00+00:00,1988.9079561993383,1990.1795982992176,1984.6439196712472,1985.9155617711265,372
2024-01-01 11:00:00+00:00,1985.9155617711265,1986.4637070880985,1978.5937599299004,1979.1419052468725,723
2024-01-01 11:15:00+00:00,1979.1419052468725,1981.7588059893458,1969.4006818532114,1972.0175825956846,301
2024-01-01 11:30:00+00:00,1972.0175825956846,1974.3195723440351,1971.2272179658737,1973.5292077142242,823
2024-01-01 11:45:00+00:00,1973.5292077142242,1984.2378812766428,1971.711892319993,1982.4205658824117,177
2024-01-01 12:00:00+00:00,1982.4205658824117,1985.1987043382112,1980.7108895709034,1983.489028026703,901
2024-01-01 12:15:00+00:00,1983.489028026703,1985.98186963547,1978.9161827750006,1981.4090243837677,322
2024-01-01 12:30:00+00:00,1981.4090243837677,1990.4015377842056,1980.0079996590773,1989.0005130595152,757
2024-01-01 12:45:00+00:00,1989.0005130595152,1990.7117762941516,1988.2334608596002,1989.9447240942366,366
2024-01-01 13:00:00+00:00,1989.9447240942366,1991.7377349866435,1988.5554502005289,1990.3484610929358,889
2024-01-01 13:15:00+00:00,1990.3484610929358,1991.8768112540156,1989.825800339761,1991.3541505008407,228
2024-01-01 13:30:00+00:00,1991.3541505008407,1992.5325424180585,1989.6486086057262,1990.827000522944,492
2024-01-01 13:45:00+00:00,1990.827000522944,1992.8544050000326,1987.567749602777,1989.5951540798656,903
2024-01-01 14:00:00+00:00,1989.5951540798656,1990.1393084236577,1983.3491928176477,1983.8933471614398,389
2024-01-01 14:15:00+00:00,1983.8933471614398,1988.836909705466,1980.941120874202,1985.8846834182282,446
2024-01-01 14:30:00+00:00,1985.8846834182282,1987.665775324205,1983.7272009551778,1985.5082928611546,838
2024-01-01 14:45:00+00:00,1985.5082928611546,1991.4261483241023,1984.3338584422177,1990.2517139051654,205
2024-01-01 15:00:00+00:00,1990.2517139051654,1992.8051604739976,1986.2307254815178,1988.78417205035,862
2024-01-01 15:15:00+00:00,1988.78417205035,1989.5344678912534,1980.465596836613,1981.2158926775164,460
2024-01-01 15:30:00+00:00,1981.2158926775164,1982.4411359167882,1979.5959884180043,1980.821231657276,457
2024-01-01 15:45:00+00:00,1980.821231657276,1990.3846011107769,1978.0022772178324,1987.5656466713333,502
2024-01-01 16:00:00+00:00,1987.5656466713333,1988.5823274414192,1985.0253928944733,1986.0420736645592,119
2024-01-01 16:15:00+00:00,1986.0420736645592,1988.327431638615,1980.2252727702814,1982.5106307443373,655
2024-01-01 16:30:00+00:00,1982.5106307443373,1983.114269100199,1977.1800193607821,1977.7836577166438,264
2024-01-01 16:45:00+00:00,1977.7836577166438,1979.5445681145213,1971.8736932415784,1973.634603639456,956
2024-01-01 17:00:00+00:00,1973.634603639456,1975.7166122808521,1970.3680051466079,1972.450013788004,707
2024-01-01 17:15:00+00:00,1972.450013788004,1973.3800749784737,1966.8705295982827,1967.8005907887523,411
2024-01-01 17:30:00+00:00,1967.8005907887523,1974.9389159878624,1966.5652119326214,1973.7035371317315,164
2024-01-01 17:45:00+00:00,1973.7035371317315,1975.5097607711991,1970.7819524319796,1972.5881760714472,201
2024-01-01 18:00:00+00:00,1972.5881760714472,1974.9247283544757,1970.6803073484225,1973.016859631451,627
2024-01-01 18:15:00+00:00,1973.016859631451,1979.4928071199627,1972.2244241208311,1978.7003716093427,330
2024-01-01 18:30:00+00:00,1978.7003716093427,1986.1153113726748,1977.243618239523,1984.658558002855,454
2024-01-01 18:45:00+00:00,1984.658558002855,1987.6335909569414,1980.8393000488716,1983.814333002958,745
2024-01-01 19:00:00+00:00,1983.814333002958,1986.3610458250012,1982.585207951426,1985.1319207734691,780
2024-01-01 19:15:00+00:00,1985.1319207734691,1990.4796543654284,1982.7045826944495,1988.0523162864088,140
2024-01-01 19:30:00+00:00,1988.0523162864088,1988.9706372104092,1986.3673297382513,1987.2856506622518,721
2024-01-01 19:45:00+00:00,1987.2856506622518,1988.868948910049,1978.648063605513,1980.2313618533103,897
2024-01-01 20:00:00+00:00,1980.2313618533103,1984.5582350215677,1978.4991245717601,1982.8259977400176,750
2024-01-01 20:15:00+00:00,1982.8259977400176,1988.3122280445464,1980.8896313202379,1986.3758616247667,705
2024-01-01 20:30:00+00:00,1986.3758616247667,1990.2795696128483,1984.123528419159,1988.0272364072405,962
2024-01-01 20:45:00+00:00,1988.0272364072405,1990.4772911624357,1981.90850701678,1984.3585617719752,209
2024-01-01 21:00:00+00:00,1984.3585617719752,1986.5607637130531,1981.378535364661,1983.580737305739,770
2024-01-01 21:15:00+00:00,1983.580737305739,1986.0560187063538,1978.7631606691932,1981.2384420698081,430
2024-01-01 21:30:00+00:00,1981.2384420698081,1983.9149766926118,1977.3746644627888,1980.0511990855925,615
2024-01-01 21:45:00+00:00,1980.0511990855925,1986.4323352029037,1978.8125274331135,1985.1936635504246,529
2024-01-01 22:00:00+00:00,1985.1936635504246,1993.8158624897692,1982.6537868560977,1991.2759857954422,535
2024-01-01 22:15:00+00:00,1991.2759857954422,1995.6904021937785,1989.5293476038605,1993.9437640021968,657
2024-01-01 22:30:00+00:00,1993.9437640021968,1997.2057341413854,1992.8713289591524,1996.133299098341,510
2024-01-01 22:45:00+00:00,1996.133299098341,1999.6859081150635,1995.2838019873523,1998.8364110040748,553
2024-01-01 23:00:00+00:00,1998.8364110040748,2001.222530924235,1996.401351426367,1998.7874713465271,725
2024-01-01 23:15:00+00:00,1998.7874713465271,2000.8411598768537,1996.4313353432824,1998.485023873609,949
2024-01-01 23:30:00+00:00,1998.485023873609,1999.0676975745696,1995.2116235379603,1995.794297238921,847
2024-01-01 23:45:00+00:00,1995.794297238921,1997.7174090412739,1993.648198018116,1995.571309820469,162
2024-01-02 00:00:00+00:00,1995.571309820469,2005.1285060712737,1995.054299256028,2004.6114955068326,768
2024-01-02 00:15:00+00:00,2004.6114955068326,2009.5217023383416,2003.188490772155,2008.098697603664,552
2024-01-02 00:30:00+00:00,2008.098697603664,2009.9900553484101,2004.83380032542,2006.7251580701661,897
2024-01-02 00:45:00+00:00,2006.7251580701661,2008.8207148323706,2002.7364407102489,2004.8319974724534,868
2024-01-02 01:00:00+00:00,2004.8319974724534,2005.6429692376064,2000.5577061818788,2001.3686779470318,605
2024-01-02 01:15:00+00:00,2001.3686779470318,2003.3850612322788,2000.8513619819425,2002.8677452671895,522
2024-01-02 01:30:00+00:00,2002.8677452671895,2006.3386595681598,2000.9658737185987,2004.436788019569,181
2024-01-02 01:45:00+00:00,2004.436788019569,2006.9639325565215,1996.1326920589256,1998.6598365958782,806
2024-01-02 02:00:00+00:00,1998.6598365958782,2003.07675716078,1996.1878990430296,2000.6048196079314,293
2024-01-02 02:15:00+00:00,2000.6048196079314,2001.938818861281,1996.9935395109826,1998.3275387643323,524
2024-01-02 02:30:00+00:00,1998.3275387643323,2005.9417031432117,1996.4236298081414,2004.0377941870208,101
2024-01-02 02:45:00+00:00,2004.0377941870208,2006.9404431104285,2001.7638864149924,2004.6665353384,855
2024-01-02 03:00:00+00:00,2004.6665353384,2014.2510619242034,2001.9808041301353,2011.5653307159387,969
2024-01-02 03:15:00+00:00,2011.5653307159387,2013.25172043987,2008.0366811621964,2009.7230708861277,608
2024-01-02 03:30:00+00:00,2009.7230708861277,2012.41083360262,2005.8781058160546,2008.5658685325468,232
2024-01-02 03:45:00+00:00,2008.5658685325468,2011.0026842613984,2007.333783602896,2009.7705993317475,327
2024-01-02 04:00:00+00:00,2009.7705993317475,2014.9963674969758,2008.793743911639,2014.0195120768674,839
2024-01-02 04:15:00+00:00,2014.0195120768674,2017.4744123015932,2012.84529895687,2016.3001991815959,376
2024-01-02 04:30:00+00:00,2016.3001991815959,2018.6106115463426,2009.021608556652,2011.3320209213987,323
2024-01-02 04:45:00+00:00,2011.3320209213987,2014.7855685635031,2008.614355940157,2012.0679035822616,700
2024-01-02 05:00:00+00:00,2012.0679035822616,2013.7923734666933,2010.4329515379982,2012.15742142243,165
2024-01-02 05:15:00+00:00,2012.15742142243,2014.3783310850536,2008.2105453140723,2010.431454976696,847
2024-01-02 05:30:00+00:00,2010.431454976696,2011.1953486582909,2007.063306956817,2007.827200638412,406
2024-01-02 05:45:00+00:00,2007.827200638412,2016.5892332917497,2006.0951124322025,2014.8571450855402,573
2024-01-02 06:00:00+00:00,2014.8571450855402,2016.3978986859058,2011.7438594776645,2013.2846130780301,746
2024-01-02 06:15:00+00:00,2013.2846130780301,2014.8143046888406,2008.3516351375797,2009.8813267483902,658
2024-01-02 06:30:00+00:00,2009.8813267483902,2013.338448445243,2008.9868797891609,2012.4440014860138,717
2024-01-02 06:45:00+00:00,2012.4440014860138,2015.0021382580037,2010.411676248197,2012.9698130201868,982
2024-01-02 07:00:00+00:00,2012.9698130201868,2015.1307989451345,2010.5036281855685,2012.6646141105161,104
2024-01-02 07:15:00+00:00,2012.6646141105161,2017.8827540070547,2010.5939297022983,2015.8120695988368,420
2024-01-02 07:30:00+00:00,2015.8120695988368,2020.1348804840725,2013.4601756185768,2017.7829865038125,642
2024-01-02 07:45:00+00:00,2017.7829865038125,2020.8518514491532,2016.176292721912,2019.2451576672527,470
2024-01-02 08:00:00+00:00,2019.2451576672527,2025.7898671886092,2016.59811939279,2023.1428289141465,630
2024-01-02 08:15:00+00:00,2023.1428289141465,2026.198876159062,2021.2347812467415,2024.2908284916568,484
2024-01-02 08:30:00+00:00,2024.2908284916568,2027.0128778754452,2019.0726604480471,2021.7947098318355,216
2024-01-02 08:45:00+00:00,2021.7947098318355,2023.276018404596,2018.8490112598433,2020.330319832604,184
2024-01-02 09:00:00+00:00,2020.330319832604,2022.5709147686814,2015.9857487906015,2018.226343726679,267
2024-01-02 09:15:00+00:00,2018.226343726679,2019.9934419144859,2017.305956260874,2019.0730544486808,447
2024-01-02 09:30:00+00:00,2019.0730544486808,2019.6935636566245,2014.1041738975343,2014.724683105478,915
2024-01-02 09:45:00+00:00,2014.724683105478,2017.5569662190067,2004.5222458526396,2007.3545289661681,837
2024-01-02 10:00:00+00:00,2007.3545289661681,2009.0779125460558,2005.9850929618717,2007.7084765417594,742
2024-01-02 10:15:00+00:00,2007.7084765417594,2008.2279020255642,2001.8295300846512,2002.348955568456,642
2024-01-02 10:30:00+00:00,2002.348955568456,2004.3514600581318,1992.5446074018441,1994.54711189152,930
2024-01-02 10:45:00+00:00,1994.54711189152,1998.8577980906466,1991.7262334875743,1996.036919686701,135
2024-01-02 11:00:00+00:00,1996.036919686701,1998.4281854761743,1990.8090944572873,1993.2003602467607,195
2024-01-02 11:15:00+00:00,1993.2003602467607,1998.1387875896899,1990.240669183524,1995.1790965264531,936
2024-01-02 11:30:00+00:00,1995.1790965264531,1998.0005786367267,1990.2404419057218,1993.0619240159954,631
2024-01-02 11:45:00+00:00,1993.0619240159954,1994.6372758224768,1987.0193051573679,1988.5946569638493,741
2024-01-02 12:00:00+00:00,1988.5946569638493,1989.5945831245538,1982.6551712102914,1983.655097370996,983
2024-01-02 12:15:00+00:00,1983.655097370996,1984.2194807043347,1981.0488895889305,1981.6132729222693,578
2024-01-02 12:30:00+00:00,1981.6132729222693,1982.7100129268902,1979.433351073035,1980.530091077656,424
2024-01-02 12:45:00+00:00,1980.530091077656,1982.55046220665,1975.250629465842,1977.271000594836,618
2024-01-02 13:00:00+00:00,1977.271000594836,1980.0063192277307,1973.4243413497675,1976.159659982662,322
2024-01-02 13:15:00+00:00,1976.159659982662,1976.5580536374073,1969.699415935328,1970.0978095900732,939
2024-01-02 13:30:00+00:00,1970.0978095900732,1972.6426730177777,1967.6100362670622,1970.1548996947668,847
2024-01-02 13:45:00+00:00,1970.1548996947668,1972.4984568166153,1960.7564723835624,1963.100029505411,255
2024-01-02 14:00:00+00:00,1963.100029505411,1965.2552219654306,1960.183865890924,1962.3390583509436,941
2024-01-02 14:15:00+00:00,1962.3390583509436,1965.7973130671792,1961.6193677090157,1965.0776224252513,213
2024-01-02 14:30:00+00:00,1965.0776224252513,1969.9040198210255,1964.5474034966574,1969.3738008924315,448
2024-01-02 14:45:00+00:00,1969.3738008924315,1978.4258354885742,1967.0858669960319,1976.1379015921746,652
2024-01-02 15:00:00+00:00,1976.1379015921746,1978.1745471304437,1967.9599406559116,1969.9965861941807,398
2024-01-02 15:15:00+00:00,1969.9965861941807,1974.3315711181237,1968.6532426397796,1972.9882275637226,266
2024-01-02 15:30:00+00:00,1972.9882275637226,1979.03781488394,1971.7043478564083,1977.7539351766256,748
2024-01-02 15:45:00+00:00,1977.7539351766256,1982.1167624530647,1977.2735144476003,1981.6363417240393,840
2024-01-02 16:00:00+00:00,1981.6363417240393,1984.5863938699943,1975.0065466196884,1977.9565987656433,174
2024-01-02 16:15:00+00:00,1977.9565987656433,1982.1352865070949,1975.407614557736,1979.5863022991875,706
2024-01-02 16:30:00+00:00,1979.5863022991875,1989.8780785407007,1976.672522493491,1986.9642987350041,535
2024-01-02 16:45:00+00:00,1986.9642987350041,1989.4672198790101,1978.5202190252103,1981.0231401692163,633
2024-01-02 17:00:00+00:00,1981.0231401692163,1984.4907177296157,1979.443733886663,1982.9113114470624,323
2024-01-02 17:15:00+00:00,1982.9113114470624,1989.9083386788418,1980.3303411034333,1987.3273683352127,169
2024-01-02 17:30:00+00:00,1987.3273683352127,1988.2360286615938,1983.651926991238,1984.5605873176191,578
2024-01-02 17:45:00+00:00,1984.5605873176191,1989.0101524298068,1982.4262514279892,1986.8758165401769,529
2024-01-02 18:00:00+00:00,1986.8758165401769,1987.8837535996622,1981.6169725176073,1982.6249095770927,335
2024-01-02 18:15:00+00:00,1982.6249095770927,1984.030725353563,1978.0010982611955,1979.4069140376657,922
2024-01-02 18:30:00+00:00,1979.4069140376657,1982.0415190321787,1973.5402820080626,1976.1748870025756,320
2024-01-02 18:45:00+00:00,1976.1748870025756,1978.4226184372535,1974.6873690433968,1976.9351004780747,951
2024-01-02 19:00:00+00:00,1976.9351004780747,1979.6268618563106,1973.883643709761,1976.5754050879968,540
2024-01-02 19:15:00+00:00,1976.5754050879968,1982.2903767660687,1974.6357957012938,1980.3507673793656,606
2024-01-02 19:30:00+00:00,1980.3507673793656,1981.5009091043933,1975.4799602839198,1976.6301020089475,641
2024-01-02 19:45:00+00:00,1976.6301020089475,1977.6941668591362,1975.047138477234,1976.1112033274228,416
2024-01-02 20:00:00+00:00,1976.1112033274228,1980.3179112377509,1975.7065362324302,1979.9132441427582,123
2024-01-02 20:15:00+00:00,1979.9132441427582,1984.005665444071,1978.0426488584983,1982.135070159811,443
2024-01-02 20:30:00+00:00,1982.135070159811,1984.685536902171,1974.3403171898246,1976.8907839321846,123
2024-01-02 20:45:00+00:00,1976.8907839321846,1980.4967947142065,1975.9165935270466,1979.5226043090686,525
2024-01-02 21:00:00+00:00,1979.5226043090686,1981.1502250104459,1976.0018114647753,1977.6294321661526,422
2024-01-02 21:15:00+00:00,1977.6294321661526,1982.081620960563,1974.7021344889588,1979.1543232833692,438
2024-01-02 21:30:00+00:00,1979.1543232833692,1981.7536914934403,1977.7454988972693,1980.3448671073404,753
2024-01-02 21:45:00+00:00,1980.3448671073404,1987.999021989003,1977.5259493117899,1985.1801041934525,234
2024-01-02 22:00:00+00:00,1985.1801041934525,1988.1737799007383,1982.6492673791613,1985.642943086447,236
2024-01-02 22:15:00+00:00,1985.642943086447,1987.3106382080036,1976.6268857265138,1978.2945808480704,692
2024-01-02 22:30:00+00:00,1978.2945808480704,1980.318705352874,1970.8579020517907,1972.8820265565944,554
2024-01-02 22:45:00+00:00,1972.8820265565944,1976.332703648411,1972.3184225377477,1975.7690996295644,479
2024-01-02 23:00:00+00:00,1975.7690996295644,1977.4898212993196,1973.027894731712,1974.7486164014672,638
2024-01-02 23:15:00+00:00,1974.7486164014672,1981.5993559529506,1972.3974404656813,1979.2481800171647,417
2024-01-02 23:30:00+00:00,1979.2481800171647,1981.3200114837869,1978.259051141947,1980.3308826085693,956
2024-01-02 23:45:00+00:00,1980.3308826085693,1980.8587063597831,1976.8384840532428,1977.3663078044567,688
2024-01-03 00:00:00+00:00,1977.3663078044567,1982.1236459552479,1976.8942356970856,1981.6515738478768,211
2024-01-03 00:15:00+00:00,1981.6515738478768,1982.4595952423813,1977.646172932319,1978.4541943268234,421
2024-01-03 00:30:00+00:00,1978.4541943268234,1979.4572931579492,1969.3456537353054,1970.3487525664311,364
2024-01-03 00:45:00+00:00,1970.3487525664311,1980.9655854441578,1967.8815212088432,1978.4983540865699,236
2024-01-03 01:00:00+00:00,1978.4983540865699,1980.0689049880775,1969.3814046226164,1970.951955524124,522
2024-01-03 01:15:00+00:00,1970.951955524124,1975.2308990405363,1969.1832875783114,1973.4622310947236,653
2024-01-03 01:30:00+00:00,1973.4622310947236,1978.371494281408,1972.262026087371,1977.1712892740554,297
2024-01-03 01:45:00+00:00,1977.1712892740554,1978.91678537669,1976.0074275100972,1977.7529236127318,145
2024-01-03 02:00:00+00:00,1977.7529236127318,1979.5654164397304,1969.2929413694958,1971.1054341964943,836
2024-01-03 02:15:00+00:00,1971.1054341964943,1977.4208443335312,1968.7954912030357,1975.1109013400726,508
2024-01-03 02:30:00+00:00,1975.1109013400726,1975.967398652773,1968.5681874768738,1969.4246847895743,633
2024-01-03 02:45:00+00:00,1969.4246847895743,1970.9273384420153,1962.6367851993314,1964.1394388517724,494
2024-01-03 03:00:00+00:00,1964.1394388517724,1966.1753930870834,1960.6832643336816,1962.7192185689926,708
2024-01-03 03:15:00+00:00,1962.7192185689926,1968.6636293849117,1959.8724757996142,1965.8168866155333,209
2024-01-03 03:30:00+00:00,1965.8168866155333,1968.0794693851979,1964.7345960001091,1966.9971787697737,246
2024-01-03 03:45:00+00:00,1966.9971787697737,1971.5895833922991,1965.5969193994952,1970.1893240220206,202
2024-01-03 04:00:00+00:00,1970.1893240220206,1972.0398425133399,1966.5914561688794,1968.4419746601986,765
2024-01-03 04:15:00+00:00,1968.4419746601986,1969.1985147177506,1967.0076856891965,1967.7642257467485,814
2024-01-03 04:30:00+00:00,1967.7642257467485,1969.7178169555639,1961.3404854525959,1963.2940766614113,865
2024-01-03 04:45:00+00:00,1963.2940766614113,1966.172001051913,1959.1723462968594,1962.050270687361,183
2024-01-03 05:00:00+00:00,1962.050270687361,1965.470253436728,1960.9591634881665,1964.3791462375334,763
2024-01-03 05:15:00+00:00,1964.3791462375334,1965.9983085443644,1961.5823850897875,1963.2015473966185,426
2024-01-03 05:30:00+00:00,1963.2015473966185,1965.7628125540152,1962.508015997815,1965.0692811552117,731
2024-01-03 05:45:00+00:00,1965.0692811552117,1966.7837597232951,1961.1030464648147,1962.8175250328982,364
2024-01-03 06:00:00+00:00,1962.8175250328982,1965.685824873495,1957.6250890628528,1960.4933889034496,561
2024-01-03 06:15:00+00:00,1960.4933889034496,1962.4215349564347,1958.71882862382,1960.646974676805,664
2024-01-03 06:30:00+00:00,1960.646974676805,1961.5829204730685,1958.946990129431,1959.8829359256945,747
2024-01-03 06:45:00+00:00,1959.8829359256945,1963.3914654838993,1958.6977938931357,1962.2063234513405,598
2024-01-03 07:00:00+00:00,1962.2063234513405,1964.8971666248947,1960.2152895185077,1962.9061326920619,204
2024-01-03 07:15:00+00:00,1962.9061326920619,1972.3388187518135,1960.3176237932544,1969.750309853006,693
2024-01-03 07:30:00+00:00,1969.750309853006,1971.304684155431,1967.3314265828888,1968.8858008853138,934
2024-01-03 07:45:00+00:00,1968.8858008853138,1970.5333167836695,1966.3436192868728,1967.9911351852286,164
2024-01-03 08:00:00+00:00,1967.9911351852286,1970.450257792585,1961.442330432231,1963.9014530395875,361
2024-01-03 08:15:00+00:00,1963.9014530395875,1964.6525553050546,1963.2398201786596,1963.9909224441267,349
2024-01-03 08:30:00+00:00,1963.9909224441267,1969.5002574883224,1961.1655593507796,1966.6748943949754,685
2024-01-03 08:45:00+00:00,1966.6748943949754,1968.2541437307189,1962.1859579147144,1963.765207250458,648
2024-01-03 09:00:00+00:00,1963.765207250458,1965.0045043568414,1962.330830511536,1963.5701276179195,919
2024-01-03 09:15:00+00:00,1963.5701276179195,1968.7775120925783,1961.1866449695663,1966.394029444225,517
2024-01-03 09:30:00+00:00,1966.394029444225,1967.4426661602442,1964.8463492782716,1965.894985994291,593
2024-01-03 09:45:00+00:00,1965.894985994291,1966.6616113541722,1963.0882810643413,1963.8549064242227,792
2024-01-03 10:00:00+00:00,1963.8549064242227,1968.7344630301218,1962.801098938177,1967.680655544076,530
2024-01-03 10:15:00+00:00,1967.680655544076,1970.1767697539472,1965.5663854240631,1968.0624996339343,404
2024-01-03 10:30:00+00:00,1968.0624996339343,1970.2757325770565,1967.4108133278012,1969.6240462709234,407
2024-01-03 10:45:00+00:00,1969.6240462709234,1975.7970063895093,1968.07090507928,1974.243865197866,349
2024-01-03 11:00:00+00:00,1974.243865197866,1979.7730221289137,1973.2421574983725,1978.7713144294203,924
2024-01-03 11:15:00+00:00,1978.7713144294203,1980.5695235589271,1975.5995069211526,1977.3977160506595,656
2024-01-03 11:30:00+00:00,1977.3977160506595,1978.1478729287555,1974.570683561397,1975.320840439493,848
2024-01-03 11:45:00+00:00,1975.320840439493,1978.8282630760007,1972.9369399223567,1976.4443625588644,243
2024-01-03 12:00:00+00:00,1976.4443625588644,1979.212796423558,1973.1511040365465,1975.9195379012401,981
2024-01-03 12:15:00+00:00,1975.9195379012401,1977.1304484852255,1967.2149271243447,1968.4258377083302,164
2024-01-03 12:30:00+00:00,1968.4258377083302,1974.7572581450775,1967.1217361779013,1973.4531566146486,409
2024-01-03 12:45:00+00:00,1973.4531566146486,1975.4587219376717,1971.5240101169254,1973.5295754399485,299
2024-01-03 13:00:00+00:00,1973.5295754399485,1978.7318293005821,1971.2359903249132,1976.4382441855469,409
2024-01-03 13:15:00+00:00,1976.4382441855469,1976.9819814573675,1971.2635464578445,1971.8072837296652,307
2024-01-03 13:30:00+00:00,1971.8072837296652,1979.0235452455004,1969.6777504616794,1976.8940119775145,798
2024-01-03 13:45:00+00:00,1976.8940119775145,1979.379052568122,1972.0844726336522,1974.5695132242597,678
2024-01-03 14:00:00+00:00,1974.5695132242597,1976.9982587623115,1971.7156212204095,1974.1443667584613,525
2024-01-03 14:15:00+00:00,1974.1443667584613,1975.6605611877837,1967.102690258999,1968.6188846883215,357
2024-01-03 14:30:00+00:00,1968.6188846883215,1971.117411910737,1965.4631463841818,1967.9616736065973,411
2024-01-03 14:45:00+00:00,1967.9616736065973,1969.7540556894198,1965.265008683487,1967.0573907663095,922
2024-01-03 15:00:00+00:00,1967.0573907663095,1967.9279680988889,1965.4577189504373,1966.3282962830167,248
2024-01-03 15:15:00+00:00,1966.3282962830167,1969.178200993505,1965.2036365575266,1968.053541268015,434
2024-01-03 15:30:00+00:00,1968.053541268015,1970.2014215104796,1966.1432030791352,1968.2910833216,330
2024-01-03 15:45:00+00:00,1968.2910833216,1973.9469318244435,1966.480233962243,1972.1360824650865,689
2024-01-03 16:00:00+00:00,1972.1360824650865,1974.5847963286765,1967.8416895056648,1970.2904033692548,577
2024-01-03 16:15:00+00:00,1970.2904033692548,1972.5111453507038,1964.1486868643206,1966.3694288457696,958
2024-01-03 16:30:00+00:00,1966.3694288457696,1967.3073083461097,1965.3564103323195,1966.2942898326596,783
2024-01-03 16:45:00+00:00,1966.2942898326596,1970.1777790061258,1964.8834670416666,1968.7669562151327,209
2024-01-03 17:00:00+00:00,1968.7669562151327,1976.064979103724,1966.375857345214,1973.6738802338052,167
2024-01-03 17:15:00+00:00,1973.6738802338052,1978.4620489550443,1972.1011588799295,1976.8893276011686,811
2024-01-03 17:30:00+00:00,1976.8893276011686,1977.8595914174957,1968.9512107262724,1969.9214745425995,881
2024-01-03 17:45:00+00:00,1969.9214745425995,1974.2034815048098,1967.1255785739293,1971.4075855361395,480
2024-01-03 18:00:00+00:00,1971.4075855361395,1978.7236840454257,1969.8578799867423,1977.1739784960284,950
2024-01-03 18:15:00+00:00,1977.1739784960284,1978.6105552164247,1975.9848659871393,1977.4214427075356,954
2024-01-03 18:30:00+00:00,1977.4214427075356,1979.1294282870385,1973.6736429296602,1975.3816285091632,970
2024-01-03 18:45:00+00:00,1975.3816285091632,1977.7719833623185,1974.2130726868393,1976.6034275399945,297
2024-01-03 19:00:00+00:00,1976.6034275399945,1977.6924255208176,1973.5260107210836,1974.6150087019066,214
2024-01-03 19:15:00+00:00,1974.6150087019066,1979.2363793267086,1972.5192567887052,1977.1406274135072,888
2024-01-03 19:30:00+00:00,1977.1406274135072,1979.5799666497353,1974.6499050500775,1977.0892442863055,779
2024-01-03 19:45:00+00:00,1977.0892442863055,1984.0553339171624,1975.639005817703,1982.60509544856,551
2024-01-03 20:00:00+00:00,1982.60509544856,1985.398855472376,1981.792958474794,1984.58671849861,433
2024-01-03 20:15:00+00:00,1984.58671849861,1986.208820082293,1980.093471924836,1981.715573508519,759
2024-01-03 20:30:00+00:00,1981.715573508519,1985.5461280483346,1980.2828829630905,1984.1134375029062,331
2024-01-03 20:45:00+00:00,1984.1134375029062,1989.3547460189068,1982.5899145761537,1987.8312230921542,593
2024-01-03 21:00:00+00:00,1987.8312230921542,1988.8475161371891,1984.5562256699197,1985.5725187149546,394
2024-01-03 21:15:00+00:00,1985.5725187149546,1987.9541230099198,1981.5007428592885,1983.8823471542537,577
2024-01-03 21:30:00+00:00,1983.8823471542537,1984.7964540486557,1973.842867273795,1974.756974168197,478
2024-01-03 21:45:00+00:00,1974.756974168197,1978.823271837232,1974.261916361525,1978.3282140305598,244
2024-01-03 22:00:00+00:00,1978.3282140305598,1980.5218704095141,1973.8103818024067,1976.004038181361,468
2024-01-03 22:15:00+00:00,1976.004038181361,1978.2968269323414,1965.3414833115764,1967.6342720625569,363
2024-01-03 22:30:00+00:00,1967.6342720625569,1968.6349810157228,1959.6852686689335,1960.6859776220995,915
2024-01-03 22:45:00+00:00,1960.6859776220995,1961.5197358848545,1958.9781437582164,1959.8119020209715,966
2024-01-03 23:00:00+00:00,1959.8119020209715,1964.6695347086602,1957.938039319082,1962.7956720067707,223
2024-01-03 23:15:00+00:00,1962.7956720067707,1965.5343038943608,1959.7074399604514,1962.4460718480416,346
2024-01-03 23:30:00+00:00,1962.4460718480416,1965.3400510007907,1961.4046433704227,1964.2986225231718,307
2024-01-03 23:45:00+00:00,1964.2986225231718,1966.0665316005034,1958.2081281211895,1959.976037198521,260
2024-01-04 00:00:00+00:00,1959.976037198521,1961.0388049261078,1953.6622272154873,1954.724994943074,717
2024-01-04 00:15:00+00:00,1954.724994943074,1960.470357238764,1952.4453826266204,1958.1907449223104,184
2024-01-04 00:30:00+00:00,1958.1907449223104,1961.7013770149426,1956.6084871629753,1960.1191192556075,559
2024-01-04 00:45:00+00:00,1960.1191192556075,1961.4766997010834,1958.6419404988224,1959.9995209442982,285
2024-01-04 01:00:00+00:00,1959.9995209442982,1967.1009164166169,1957.9303763881753,1965.031771860494,331
2024-01-04 01:15:00+00:00,1965.031771860494,1966.7789843537525,1959.5498739482393,1961.2970864414979,156
2024-01-04 01:30:00+00:00,1961.2970864414979,1962.201453116058,1958.7448781712994,1959.6492448458596,324
2024-01-04 01:45:00+00:00,1959.6492448458596,1965.1312650301663,1958.1940118331884,1963.6760320174951,262
2024-01-04 02:00:00+00:00,1963.6760320174951,1973.7518675131846,1960.8311429733053,1970.9069784689948,437
2024-01-04 02:15:00+00:00,1970.9069784689948,1973.387065403826,1968.4601039615409,1970.940190896372,552
2024-01-04 02:30:00+00:00,1970.940190896372,1979.2838525034304,1969.228125552169,1977.5717871592274,601
2024-01-04 02:45:00+00:00,1977.5717871592274,1979.6627279104462,1973.0992656367384,1975.1902063879572,749
2024-01-04 03:00:00+00:00,1975.1902063879572,1977.2543870342238,1974.4290927217594,1976.493273368026,274
2024-01-04 03:15:00+00:00,1976.493273368026,1977.9497416966592,1974.3498021784396,1975.806270507073,461
2024-01-04 03:30:00+00:00,1975.806270507073,1978.4912682457084,1966.855087777444,1969.5400855160794,213
2024-01-04 03:45:00+00:00,1969.5400855160794,1971.4325469881633,1968.664061913989,1970.5565233860727,754
2024-01-04 04:00:00+00:00,1970.5565233860727,1977.1509813801567,1967.6415683650964,1974.2360263591804,432
2024-01-04 04:15:00+00:00,1974.2360263591804,1976.8067940266096,1971.0799172824975,1973.6506849499267,228
2024-01-04 04:30:00+00:00,1973.6506849499267,1975.805541772515,1971.2177401080837,1973.372596930672,601
2024-01-04 04:45:00+00:00,1973.372596930672,1980.2347299526239,1972.0156578767946,1978.8777908987465,926
2024-01-04 05:00:00+00:00,1978.8777908987465,1979.5088604599287,1973.3068364922594,1973.9379060534416,260
2024-01-04 05:15:00+00:00,1973.9379060534416,1975.0854452059946,1966.886919549227,1968.03445870178,714
2024-01-04 05:30:00+00:00,1968.03445870178,1970.3208714040425,1963.1753858390546,1965.461798541317,110
2024-01-04 05:45:00+00:00,1965.461798541317,1966.9286610260392,1959.296727535856,1960.7635900205782,778
2024-01-04 06:00:00+00:00,1960.7635900205782,1968.4954927204446,1958.3183114419166,1966.050214141783,802
2024-01-04 06:15:00+00:00,1966.050214141783,1968.213662155766,1965.104872034694,1967.268320048677,521
2024-01-04 06:30:00+00:00,1967.268320048677,1969.764145297852,1961.3756248779787,1963.8714501271538,831
2024-01-04 06:45:00+00:00,1963.8714501271538,1966.4569381640272,1958.8739283666139,1961.4594164034872,986
2024-01-04 07:00:00+00:00,1961.4594164034872,1974.9619632631022,1959.2127771036078,1972.7153239632228,110
2024-01-04 07:15:00+00:00,1972.7153239632228,1973.631948253113,1969.3930996385798,1970.30972392847,453
2024-01-04 07:30:00+00:00,1970.30972392847,1971.2732310469232,1966.3456546684758,1967.309161786929,191
2024-01-04 07:45:00+00:00,1967.309161786929,1969.065093306433,1966.7509272650361,1968.50685878454,305
2024-01-04 08:00:00+00:00,1968.50685878454,1971.5469270762044,1967.9812036708531,1971.0212719625174,908
2024-01-04 08:15:00+00:00,1971.0212719625174,1974.1843023796625,1968.7323145360376,1971.8953449531828,585
2024-01-04 08:30:00+00:00,1971.8953449531828,1973.5467055442564,1966.663808155277,1968.3151687463505,381
2024-01-04 08:45:00+00:00,1968.3151687463505,1970.6519702225796,1961.420361905715,1963.757163381944,898
2024-01-04 09:00:00+00:00,1963.757163381944,1967.2158096464768,1962.6412640099632,1966.0999102744959,416
2024-01-04 09:15:00+00:00,1966.0999102744959,1967.37546992208,1964.611275533946,1965.88683518153,727
2024-01-04 09:30:00+00:00,1965.88683518153,1968.5577816087302,1956.7727276239982,1959.4436740511985,249
2024-01-04 09:45:00+00:00,1959.4436740511985,1966.9774492526828,1956.5042977727965,1964.0380729742808,962
2024-01-04 10:00:00+00:00,1964.0380729742808,1967.739615583545,1963.38444428181,1967.085986891074,894
2024-01-04 10:15:00+00:00,1967.085986891074,1969.4709671009352,1963.7532797343904,1966.1382599442516,380
2024-01-04 10:30:00+00:00,1966.1382599442516,1967.9520477196716,1963.3013087723364,1965.1150965477564,783
2024-01-04 10:45:00+00:00,1965.1150965477564,1966.429828327163,1964.710265606384,1966.0249973857906,361
2024-01-04 11:00:00+00:00,1966.0249973857906,1967.9912976924998,1961.3591973931423,1963.3254976998514,530
2024-01-04 11:15:00+00:00,1963.3254976998514,1964.4296484931037,1956.9341264719549,1958.0382772652072,243
2024-01-04 11:30:00+00:00,1958.0382772652072,1960.5864657081124,1956.75350047646,1959.3016889193652,708
2024-01-04 11:45:00+00:00,1959.3016889193652,1962.154170185301,1950.8181056849758,1953.6705869509115,176
2024-01-04 12:00:00+00:00,1953.6705869509115,1957.476633106398,1951.391840400833,1955.1978865563194,941
2024-01-04 12:15:00+00:00,1955.1978865563194,1955.7259827742892,1949.0422131465637,1949.5703093645334,632
2024-01-04 12:30:00+00:00,1949.5703093645334,1951.6856969069145,1947.0681294572066,1949.1835169995877,970
2024-01-04 12:45:00+00:00,1949.1835169995877,1949.6061692260862,1948.2321442969312,1948.6547965234297,147
2024-01-04 13:00:00+00:00,1948.6547965234297,1958.258746841648,1946.0107037931687,1955.614654111387,869
2024-01-04 13:15:00+00:00,1955.614654111387,1957.5186649255445,1949.5520240369826,1951.4560348511402,288
2024-01-04 13:30:00+00:00,1951.4560348511402,1953.4410268584736,1943.956440273862,1945.9414322811954,911
2024-01-04 13:45:00+00:00,1945.9414322811954,1946.3716749856112,1942.9979675298189,1943.4282102342347,750
2024-01-04 14:00:00+00:00,1943.4282102342347,1944.027229458215,1938.4663089620785,1939.0653281860589,433
2024-01-04 14:15:00+00:00,1939.0653281860589,1940.7774389044382,1935.0673899282936,1936.779500646673,796
2024-01-04 14:30:00+00:00,1936.779500646673,1939.7598119275633,1935.4298728818374,1938.4101841627278,412
2024-01-04 14:45:00+00:00,1938.4101841627278,1943.8588307642606,1935.9566669591493,1941.405313560682,165
2024-01-04 15:00:00+00:00,1941.405313560682,1948.9684324427385,1940.2966624966482,1947.8597813787046,880
2024-01-04 15:15:00+00:00,1947.8597813787046,1949.2593303157742,1943.5924695856274,1944.992018522697,110
2024-01-04 15:30:00+00:00,1944.992018522697,1955.9790992238359,1944.2959409719997,1955.2830216731386,110
2024-01-04 15:45:00+00:00,1955.2830216731386,1964.7257923904228,1953.607102768457,1963.0498734857413,789
2024-01-04 16:00:00+00:00,1963.0498734857413,1965.8785132865048,1959.4223297761857,1962.2509695769493,814
2024-01-04 16:15:00+00:00,1962.2509695769493,1963.316807314135,1952.213024257951,1953.2788619951368,607
2024-01-04 16:30:00+00:00,1953.2788619951368,1955.6772481848905,1950.5558197685305,1952.954205958284,208
2024-01-04 16:45:00+00:00,1952.954205958284,1954.0444011381358,1952.1472396856468,1953.2374348654985,781
2024-01-04 17:00:00+00:00,1953.2374348654985,1955.8654619679128,1941.6480699397105,1944.2760970421248,205
2024-01-04 17:15:00+00:00,1944.2760970421248,1946.2480318421942,1942.5912824719198,1944.5632172719893,679
2024-01-04 17:30:00+00:00,1944.5632172719893,1945.2698814841024,1943.0782836096712,1943.7849478217843,463
2024-01-04 17:45:00+00:00,1943.7849478217843,1946.1478009736684,1938.3699858382217,1940.7328389901058,173
2024-01-04 18:00:00+00:00,1940.7328389901058,1945.7973842962242,1938.1020581575158,1943.1666034636341,408
2024-01-04 18:15:00+00:00,1943.1666034636341,1947.8342474055648,1942.4100089654798,1947.0776529074105,604
2024-01-04 18:30:00+00:00,1947.0776529074105,1947.7636044145074,1944.499371936341,1945.185323443438,892
2024-01-04 18:45:00+00:00,1945.185323443438,1947.103493452385,1944.1601196609745,1946.0782896699216,649
2024-01-04 19:00:00+00:00,1946.0782896699216,1947.76805996451,1941.8416349449853,1943.5314052395738,562
2024-01-04 19:15:00+00:00,1943.5314052395738,1946.3162669854732,1937.691362270524,1940.4762240164234,390
2024-01-04 19:30:00+00:00,1940.4762240164234,1943.3442376069643,1937.9167579460554,1940.7847715365963,855
2024-01-04 19:45:00+00:00,1940.7847715365963,1944.0259917777432,1939.5763122826083,1942.8175325237553,131
2024-01-04 20:00:00+00:00,1942.8175325237553,1943.2996587180917,1940.147888290336,1940.6300144846723,558
2024-01-04 20:15:00+00:00,1940.6300144846723,1942.5126500668064,1930.1745423715631,1932.0571779536972,710
2024-01-04 20:30:00+00:00,1932.0571779536972,1936.1542158819807,1930.225006110668,1934.3220440389514,338
2024-01-04 20:45:00+00:00,1934.3220440389514,1935.3131141014114,1927.1643107049458,1928.1553807674059,436
2024-01-04 21:00:00+00:00,1928.1553807674059,1930.524883493201,1926.2564000459822,1928.6259027717774,555
2024-01-04 21:15:00+00:00,1928.6259027717774,1938.3572162715814,1925.7689638548661,1935.50027735467,967
2024-01-04 21:30:00+00:00,1935.50027735467,1936.2506514332363,1934.6847571932776,1935.4351312718438,952
2024-01-04 21:45:00+00:00,1935.4351312718438,1936.6114792899123,1929.6588902340134,1930.8352382520818,225
2024-01-04 22:00:00+00:00,1930.8352382520818,1933.342453576002,1922.6936677545355,1925.2008830784557,442
2024-01-04 22:15:00+00:00,1925.2008830784557,1930.4981622659645,1924.4156301079772,1929.712909295486,155
2024-01-04 22:30:00+00:00,1929.712909295486,1930.4218606957963,1928.9385475426225,1929.6474989429328,932
2024-01-04 22:45:00+00:00,1929.6474989429328,1932.54997010077,1928.8291625325778,1931.731633690415,788
2024-01-04 23:00:00+00:00,1931.731633690415,1937.6372344951217,1929.4080828914225,1935.3136836961291,570
2024-01-04 23:15:00+00:00,1935.3136836961291,1936.0212792906125,1934.4164277759921,1935.1240233704755,989
2024-01-04 23:30:00+00:00,1935.1240233704755,1935.7399065136226,1933.314133788878,1933.9300169320252,723
2024-01-04 23:45:00+00:00,1933.9300169320252,1935.8893256944673,1928.3099689614648,1930.269277723907,406
2024-01-05 00:00:00+00:00,1930.269277723907,1932.5653777292482,1916.109656159957,1918.4057561652983,384
2024-01-05 00:15:00+00:00,1918.4057561652983,1920.668829343915,1910.3272335377585,1912.5903067163752,885
2024-01-05 00:30:00+00:00,1912.5903067163752,1914.0494745986623,1910.8649496266914,1912.3241175089786,227
2024-01-05 00:45:00+00:00,1912.3241175089786,1914.984337612019,1908.9936993117738,1911.6539194148143,451
2024-01-05 01:00:00+00:00,1911.6539194148143,1913.9553658581285,1910.8960294312444,1913.1974758745587,391
2024-01-05 01:15:00+00:00,1913.1974758745587,1914.6778735246644,1911.2323857530307,1912.7127834031364,727
2024-01-05 01:30:00+00:00,1912.7127834031364,1914.6236904057496,1911.411583859325,1913.3224908619381,959
2024-01-05 01:45:00+00:00,1913.3224908619381,1918.0834424267177,1911.5785417565464,1916.339493321326,621
2024-01-05 02:00:00+00:00,1916.339493321326,1917.202694859033,1912.0871990295757,1912.9504005672827,230
2024-01-05 02:15:00+00:00,1912.9504005672827,1913.6984313508442,1911.1040475693844,1911.852078352946,877
2024-01-05 02:30:00+00:00,1911.852078352946,1914.6694244276991,1902.8990924545915,1905.7164385293447,597
2024-01-05 02:45:00+00:00,1905.7164385293447,1910.5600043619788,1904.5845981946145,1909.4281640272486,384
2024-01-05 03:00:00+00:00,1909.4281640272486,1911.1972807932211,1907.8057654182846,1909.5748821842571,170
2024-01-05 03:15:00+00:00,1909.5748821842571,1914.105609514056,1906.9157755656413,1911.44650289544,278
2024-01-05 03:30:00+00:00,1911.44650289544,1918.4902037514519,1910.3086550811051,1917.352355937117,281
2024-01-05 03:45:00+00:00,1917.352355937117,1922.796603940785,1916.052319730409,1921.496567734077,902
2024-01-05 04:00:00+00:00,1921.496567734077,1923.287382966356,1919.4751812030463,1921.2659964353254,549
2024-01-05 04:15:00+00:00,1921.2659964353254,1924.8502106451822,1920.7108736954167,1924.2950879052735,596
2024-01-05 04:30:00+00:00,1924.2950879052735,1924.7371591326257,1918.3508555139078,1918.79292674126,704
2024-01-05 04:45:00+00:00,1918.79292674126,1922.4226488387546,1916.8290921364996,1920.4588142339942,720
2024-01-05 05:00:00+00:00,1920.4588142339942,1922.3028272439994,1919.1484175009405,1920.9924305109457,444
2024-01-05 05:15:00+00:00,1920.9924305109457,1921.5732836283569,1914.204262882408,1914.7851159998193,133
2024-01-05 05:30:00+00:00,1914.7851159998193,1921.0127301450011,1913.6857178330768,1919.9133319782586,207
2024-01-05 05:45:00+00:00,1919.9133319782586,1922.0251279261795,1915.099904319112,1917.211700267033,993
2024-01-05 06:00:00+00:00,1917.211700267033,1922.11305938849,1914.9319200664866,1919.8332791879436,826
2024-01-05 06:15:00+00:00,1919.8332791879436,1921.4772237943748,1916.577601385801,1918.2215459922322,531
2024-01-05 06:30:00+00:00,1918.2215459922322,1922.9730256502494,1917.2855266589681,1922.0370063169853,741
2024-01-05 06:45:00+00:00,1922.0370063169853,1929.5765983209083,1919.5484710651872,1927.0880630691101,769
2024-01-05 07:00:00+00:00,1927.0880630691101,1927.9922938745383,1922.987329371457,1923.8915601768852,910
2024-01-05 07:15:00+00:00,1923.8915601768852,1926.1624675228848,1915.7410133520175,1918.011920698017,468
2024-01-05 07:30:00+00:00,1918.011920698017,1918.7773729191242,1916.7424426305597,1917.5078948516668,729
2024-01-05 07:45:00+00:00,1917.5078948516668,1923.4847467931058,1914.789416922552,1920.766268863991,554
2024-01-05 08:00:00+00:00,1920.766268863991,1923.0798072546347,1917.0268522304955,1919.3403906211392,774
2024-01-05 08:15:00+00:00,1919.3403906211392,1920.972918914898,1915.354185468387,1916.9867137621457,394
2024-01-05 08:30:00+00:00,1916.9867137621457,1920.3265092229594,1915.5198938883061,1918.85968934912,386
2024-01-05 08:45:00+00:00,1918.85968934912,1920.6627733260598,1906.4878888312842,1908.290972808224,795
2024-01-05 09:00:00+00:00,1908.290972808224,1910.3100230822124,1903.736666674958,1905.7557169489464,275
2024-01-05 09:15:00+00:00,1905.7557169489464,1907.5141392501619,1898.7302311273336,1900.488653428549,145
2024-01-05 09:30:00+00:00,1900.488653428549,1903.7100103421267,1898.3882071403773,1901.609564053955,509
2024-01-05 09:45:00+00:00,1901.609564053955,1902.2057630710726,1898.2153082239133,1898.811507241031,123
2024-01-05 10:00:00+00:00,1898.811507241031,1900.2178938124666,1893.1748535168078,1894.5812400882435,329
2024-01-05 10:15:00+00:00,1894.5812400882435,1896.814368679211,1891.0078619667706,1893.240990557738,587
2024-01-05 10:30:00+00:00,1893.240990557738,1894.6942422860764,1886.235793312184,1887.6890450405222,413
2024-01-05 10:45:00+00:00,1887.6890450405222,1890.4485164422015,1884.8800271958098,1887.6394985974891,390
2024-01-05 11:00:00+00:00,1887.6394985974891,1889.3250866051437,1883.3795216776184,1885.065109685273,620
2024-01-05 11:15:00+00:00,1885.065109685273,1886.2032797263666,1882.5045576298512,1883.6427276709449,289
2024-01-05 11:30:00+00:00,1883.6427276709449,1886.2002638015051,1878.38546416062,1880.9430002911802,748
2024-01-05 11:45:00+00:00,1880.9430002911802,1885.78914509046,1879.5318171626807,1884.3779619619604,726
2024-01-05 12:00:00+00:00,1884.3779619619604,1886.0924506922565,1882.2532749265822,1883.9677636568783,455
2024-01-05 12:15:00+00:00,1883.9677636568783,1887.8947918719696,1882.018099179906,1885.9451273949971,303
2024-01-05 12:30:00+00:00,1885.9451273949971,1890.2339593238864,1883.4668616869926,1887.755693615882,792
2024-01-05 12:45:00+00:00,1887.755693615882,1888.6457882888935,1883.8244191467586,1884.7145138197702,925
2024-01-05 13:00:00+00:00,1884.7145138197702,1889.3849516428193,1882.1937751197831,1886.8642129428322,605
2024-01-05 13:15:00+00:00,1886.8642129428322,1889.9680528590366,1885.0782736363237,1888.182113552528,911
2024-01-05 13:30:00+00:00,1888.182113552528,1890.6448621363784,1886.9041877805507,1889.366936364401,725
2024-01-05 13:45:00+00:00,1889.366936364401,1890.5672736379222,1886.6606437769112,1887.8609810504324,480
2024-01-05 14:00:00+00:00,1887.8609810504324,1890.6456803233962,1883.4653248950328,1886.2500241679966,155
2024-01-05 14:15:00+00:00,1886.2500241679966,1891.9197011511199,1883.5461712721226,1889.2158482552459,494
2024-01-05 14:30:00+00:00,1889.2158482552459,1899.203595829015,1887.4905009817871,1897.4782485555563,280
2024-01-05 14:45:00+00:00,1897.4782485555563,1898.7100926219002,1893.0987217414804,1894.3305658078243,121
2024-01-05 15:00:00+00:00,1894.3305658078243,1899.1366298685425,1891.5504274580453,1896.3564915187635,509
2024-01-05 15:15:00+00:00,1896.3564915187635,1896.775740388758,1894.548660563619,1894.9679094336136,539
2024-01-05 15:30:00+00:00,1894.9679094336136,1898.4451050138837,1894.4676058137577,1897.9448013940278,156
2024-01-05 15:45:00+00:00,1897.9448013940278,1901.1909135698775,1896.3632076182744,1899.609319794124,865
2024-01-05 16:00:00+00:00,1899.609319794124,1905.474616251376,1897.7759449171658,1903.6412413744176,785
2024-01-05 16:15:00+00:00,1903.6412413744176,1904.035961250064,1892.6356691073408,1893.0303889829872,237
2024-01-05 16:30:00+00:00,1893.0303889829872,1893.8693993906943,1889.917010379828,1890.7560207875351,964
2024-01-05 16:45:00+00:00,1890.7560207875351,1891.3448964864458,1886.4340010393673,1887.022876738278,943
2024-01-05 17:00:00+00:00,1887.022876738278,1888.0128650059935,1885.6253820654058,1886.6153703331213,414
2024-01-05 17:15:00+00:00,1886.6153703331213,1887.4400223836572,1883.0613818153856,1883.8860338659215,782
2024-01-05 17:30:00+00:00,1883.8860338659215,1884.5663156558494,1880.79224960082,1881.472531390748,266
2024-01-05 17:45:00+00:00,1881.472531390748,1884.7339685532786,1880.7786455839328,1884.0400827464634,836
2024-01-05 18:00:00+00:00,1884.0400827464634,1892.5116919192658,1882.748738981835,1891.2203481546373,524
2024-01-05 18:15:00+00:00,1891.2203481546373,1891.9111916162472,1879.8786375934712,1880.569481055081,174
2024-01-05 18:30:00+00:00,1880.569481055081,1882.835003499299,1877.1366754158032,1879.4021978600213,707
2024-01-05 18:45:00+00:00,1879.4021978600213,1881.9363307232306,1878.041380260909,1880.5755131241183,493
2024-01-05 19:00:00+00:00,1880.5755131241183,1881.255044485008,1879.913783749731,1880.5933151106208,814
2024-01-05 19:15:00+00:00,1880.5933151106208,1882.560476821924,1877.32848385387,1879.2956455651733,744
2024-01-05 19:30:00+00:00,1879.2956455651733,1881.5908833218607,1871.9201555063275,1874.215393263015,634
2024-01-05 19:45:00+00:00,1874.215393263015,1875.4641691310721,1869.4364041917968,1870.685180059854,568
2024-01-05 20:00:00+00:00,1870.685180059854,1873.7891937980303,1870.2955597986243,1873.3995735368005,181
2024-01-05 20:15:00+00:00,1873.3995735368005,1879.3969077383967,1871.4372443543382,1877.4345785559344,444
2024-01-05 20:30:00+00:00,1877.4345785559344,1880.0137661992346,1875.2184264184098,1877.79761406171,567
2024-01-05 20:45:00+00:00,1877.79761406171,1880.3398001751782,1872.1177273752028,1874.659913488671,897
2024-01-05 21:00:00+00:00,1874.659913488671,1877.132126678212,1872.546585683157,1875.018798872698,661
2024-01-05 21:15:00+00:00,1875.018798872698,1876.8477482562978,1872.289907335758,1874.1188567193578,588
2024-01-05 21:30:00+00:00,1874.1188567193578,1877.3770493199713,1872.9068361301706,1876.1650287307841,653
2024-01-05 21:45:00+00:00,1876.1650287307841,1877.579155612262,1875.1948517011706,1876.6089785826484,864
2024-01-05 22:00:00+00:00,1876.6089785826484,1877.1419047488648,1873.7437913162314,1874.2767174824478,688
2024-01-05 22:15:00+00:00,1874.2767174824478,1877.3636439290005,1871.9046755102527,1874.9916019568054,699
2024-01-05 22:30:00+00:00,1874.9916019568054,1876.7282336523144,1868.8374346173175,1870.5740663128265,400
2024-01-05 22:45:00+00:00,1870.5740663128265,1874.7203379315652,1869.4980977499758,1873.6443693687145,262
2024-01-05 23:00:00+00:00,1873.6443693687145,1878.7601124637574,1872.964420283143,1878.080163378186,609
2024-01-05 23:15:00+00:00,1878.080163378186,1879.1572734700555,1872.5816157871031,1873.6587258789727,140
2024-01-05 23:30:00+00:00,1873.6587258789727,1877.4595654009402,1871.4363475097832,1875.2371870317506,524
2024-01-05 23:45:00+00:00,1875.2371870317506,1876.136505961379,1870.6238471892188,1871.5231661188473,234
2024-01-06 00:00:00+00:00,1871.5231661188473,1876.0409768851875,1871.0210215577674,1875.5388323241077,249
2024-01-06 00:15:00+00:00,1875.5388323241077,1880.2374159194928,1874.2347359772236,1878.9333195726088,477
2024-01-06 00:30:00+00:00,1878.9333195726088,1880.1288094285665,1876.8730500133638,1878.0685398693215,230
2024-01-06 00:45:00+00:00,1878.0685398693215,1883.8909341638787,1875.986973614264,1881.809367908821,310
2024-01-06 01:00:00+00:00,1881.809367908821,1883.5444069880768,1878.452565306218,1880.1876043854738,547
2024-01-06 01:15:00+00:00,1880.1876043854738,1881.7170937491026,1876.2417108971085,1877.7712002607373,123
2024-01-06 01:30:00+00:00,1877.7712002607373,1880.5263167723645,1872.881446311883,1875.6365628235103,364
2024-01-06 01:45:00+00:00,1875.6365628235103,1878.06925011358,1872.6755801161835,1875.1082674062532,352
2024-01-06 02:00:00+00:00,1875.1082674062532,1875.7952332996438,1873.2088300639548,1873.8957959573454,561
2024-01-06 02:15:00+00:00,1873.8957959573454,1875.4545251961094,1872.9156088514524,1874.4743380902164,641
2024-01-06 02:30:00+00:00,1874.4743380902164,1875.8694288585432,1870.7748420415694,1872.1699328098962,254
2024-01-06 02:45:00+00:00,1872.1699328098962,1875.5847542412007,1871.620584147121,1875.0354055784255,434
2024-01-06 03:00:00+00:00,1875.0354055784255,1881.095581123933,1872.8078486735476,1878.868024219055,656
2024-01-06 03:15:00+00:00,1878.868024219055,1881.117851922023,1874.7558019151058,1877.0056296180737,649
2024-01-06 03:30:00+00:00,1877.0056296180737,1878.0914745216073,1870.5697936001097,1871.6556385036433,714
2024-01-06 03:45:00+00:00,1871.6556385036433,1876.948216368597,1869.0747058969341,1874.3672837618878,511
2024-01-06 04:00:00+00:00,1874.3672837618878,1880.3653160668143,1872.6422612113256,1878.640293516252,566
2024-01-06 04:15:00+00:00,1878.640293516252,1879.5618371134415,1877.1054800175025,1878.0270236146919,855
2024-01-06 04:30:00+00:00,1878.0270236146919,1879.9151020137365,1871.3129290299091,1873.2010074289537,145
2024-01-06 04:45:00+00:00,1873.2010074289537,1876.2141968939754,1871.1874782501206,1874.2006677151423,752
